{
  "pass": {
    "count": 8676,
    "yards_mean": 6.2234900875979715,
    "yards_median": 3,
    "success_rate": 65.31811894882435,
    "yards_distribution": {
      "0": 2325,
      "3": 1136,
      "4": 746,
      "2": 601,
      "10": 432,
      "11": 349,
      "9": 327,
      "12": 223,
      "8": 203,
      "20": 175,
      "13": 167,
      "19": 154,
      "21": 144,
      "18": 124,
      "22": 119,
      "-4": 118,
      "-3": 104,
      "-5": 103,
      "7": 93,
      "5": 90,
      "-6": 87,
      "-7": 81,
      "1": 75,
      "14": 68,
      "23": 65,
      "17": 52,
      "-8": 51,
      "-2": 45,
      "-9": 40,
      "-10": 34,
      "24": 21,
      "6": 14,
      "-11": 13,
      "40": 13,
      "15": 13,
      "45": 11,
      "42": 10,
      "35": 10,
      "44": 10,
      "49": 10,
      "56": 9,
      "36": 9,
      "43": 8,
      "34": 8,
      "55": 8,
      "50": 8,
      "41": 8,
      "37": 8,
      "47": 8,
      "31": 7
    }
  },
  "run": {
    "count": 5783,
    "yards_mean": 3.9009164793359847,
    "yards_median": 3,
    "success_rate": 78.05637212519454,
    "yards_distribution": {
      "3": 1535,
      "2": 1218,
      "0": 582,
      "7": 383,
      "6": 258,
      "4": 216,
      "8": 201,
      "-3": 173,
      "1": 162,
      "-4": 129,
      "-2": 128,
      "-5": 110,
      "14": 75,
      "13": 71,
      "-6": 69,
      "15": 59,
      "16": 45,
      "-7": 42,
      "17": 33,
      "-1": 32,
      "5": 31,
      "12": 30,
      "9": 27,
      "18": 20,
      "11": 16,
      "35": 8,
      "43": 6,
      "41": 6,
      "61": 6,
      "59": 5,
      "45": 5,
      "36": 5,
      "30": 4,
      "24": 4,
      "-8": 4,
      "46": 4,
      "31": 4,
      "37": 4,
      "34": 4,
      "32": 3,
      "60": 3,
      "38": 3,
      "29": 3,
      "57": 3,
      "42": 3,
      "55": 3,
      "26": 3,
      "44": 2,
      "52": 2,
      "28": 2
    }
  }
}